id;symbol;ts_ms;price_points;quantity;aggressor
SYNTHETIC-progression-buy-0;WIN_SIM;1791293365000;131000;5;buy
SYNTHETIC-progression-buy-1;WIN_SIM;1791293365250;131000;5;buy
SYNTHETIC-progression-buy-2;WIN_SIM;1791293365500;131000;5;buy
SYNTHETIC-progression-buy-3;WIN_SIM;1791293365750;131000;5;buy
SYNTHETIC-progression-buy-4;WIN_SIM;1791293366000;131005;5;buy
SYNTHETIC-progression-buy-5;WIN_SIM;1791293366250;131005;5;buy
SYNTHETIC-progression-buy-6;WIN_SIM;1791293366500;131005;5;buy
SYNTHETIC-progression-buy-7;WIN_SIM;1791293366750;131005;5;buy
SYNTHETIC-progression-buy-8;WIN_SIM;1791293367000;131010;5;buy
SYNTHETIC-progression-buy-9;WIN_SIM;1791293367250;131010;5;buy
SYNTHETIC-progression-buy-10;WIN_SIM;1791293367500;131010;5;buy
SYNTHETIC-progression-buy-11;WIN_SIM;1791293367750;131010;5;buy
SYNTHETIC-progression-buy-12;WIN_SIM;1791293368000;131015;5;buy
SYNTHETIC-progression-buy-13;WIN_SIM;1791293368250;131015;5;buy
SYNTHETIC-progression-buy-14;WIN_SIM;1791293368500;131015;5;buy
SYNTHETIC-progression-buy-15;WIN_SIM;1791293368750;131015;5;buy
SYNTHETIC-progression-buy-16;WIN_SIM;1791293369000;131020;5;buy
SYNTHETIC-progression-buy-17;WIN_SIM;1791293369250;131020;5;buy
SYNTHETIC-progression-buy-18;WIN_SIM;1791293369500;131020;5;buy
SYNTHETIC-progression-buy-19;WIN_SIM;1791293369750;131020;5;buy
SYNTHETIC-progression-buy-20;WIN_SIM;1791293370000;131025;5;buy
SYNTHETIC-progression-buy-21;WIN_SIM;1791293370250;131025;5;buy
SYNTHETIC-progression-buy-22;WIN_SIM;1791293370500;131025;5;buy
SYNTHETIC-progression-buy-23;WIN_SIM;1791293370750;131025;5;buy
SYNTHETIC-progression-buy-24;WIN_SIM;1791293371000;131030;5;buy
SYNTHETIC-progression-buy-25;WIN_SIM;1791293371250;131030;5;buy
SYNTHETIC-progression-buy-26;WIN_SIM;1791293371500;131030;5;buy
SYNTHETIC-progression-buy-27;WIN_SIM;1791293371750;131030;5;buy
SYNTHETIC-progression-buy-28;WIN_SIM;1791293372000;131035;5;buy
SYNTHETIC-progression-buy-29;WIN_SIM;1791293372250;131035;5;buy
SYNTHETIC-progression-buy-30;WIN_SIM;1791293372500;131035;5;buy
SYNTHETIC-progression-buy-31;WIN_SIM;1791293372750;131035;5;buy
SYNTHETIC-progression-buy-32;WIN_SIM;1791293373000;131040;5;buy
SYNTHETIC-progression-buy-33;WIN_SIM;1791293373250;131040;5;buy
SYNTHETIC-progression-buy-34;WIN_SIM;1791293373500;131040;5;buy
SYNTHETIC-progression-buy-35;WIN_SIM;1791293373750;131040;5;buy
SYNTHETIC-progression-buy-36;WIN_SIM;1791293374000;131045;5;buy
SYNTHETIC-progression-buy-37;WIN_SIM;1791293374250;131045;5;buy
SYNTHETIC-progression-buy-38;WIN_SIM;1791293374500;131045;5;buy
SYNTHETIC-progression-buy-39;WIN_SIM;1791293374750;131045;5;buy
SYNTHETIC-progression-buy-40;WIN_SIM;1791293375000;131050;5;buy
SYNTHETIC-progression-buy-41;WIN_SIM;1791293375250;131050;5;buy
SYNTHETIC-progression-buy-42;WIN_SIM;1791293375500;131050;5;buy
SYNTHETIC-progression-buy-43;WIN_SIM;1791293375750;131050;5;buy
SYNTHETIC-progression-buy-44;WIN_SIM;1791293376000;131055;5;buy
SYNTHETIC-progression-buy-45;WIN_SIM;1791293376250;131055;5;buy
SYNTHETIC-progression-buy-46;WIN_SIM;1791293376500;131055;5;buy
SYNTHETIC-progression-buy-47;WIN_SIM;1791293376750;131055;5;buy
SYNTHETIC-progression-buy-48;WIN_SIM;1791293377000;131060;5;buy
SYNTHETIC-progression-buy-49;WIN_SIM;1791293377250;131060;5;buy
SYNTHETIC-progression-buy-50;WIN_SIM;1791293377500;131060;5;buy
SYNTHETIC-progression-buy-51;WIN_SIM;1791293377750;131060;5;buy
SYNTHETIC-progression-buy-52;WIN_SIM;1791293378000;131065;5;buy
SYNTHETIC-progression-buy-53;WIN_SIM;1791293378250;131065;5;buy
SYNTHETIC-progression-buy-54;WIN_SIM;1791293378500;131065;5;buy
SYNTHETIC-progression-buy-55;WIN_SIM;1791293378750;131065;5;buy
SYNTHETIC-progression-buy-56;WIN_SIM;1791293379000;131070;5;buy
SYNTHETIC-progression-buy-57;WIN_SIM;1791293379250;131070;5;buy
SYNTHETIC-progression-buy-58;WIN_SIM;1791293379500;131070;5;buy
SYNTHETIC-progression-buy-59;WIN_SIM;1791293379750;131070;5;buy
SYNTHETIC-progression-buy-60;WIN_SIM;1791293380000;131075;5;buy
SYNTHETIC-progression-buy-61;WIN_SIM;1791293380250;131075;5;buy
SYNTHETIC-progression-buy-62;WIN_SIM;1791293380500;131075;5;buy
SYNTHETIC-progression-buy-63;WIN_SIM;1791293380750;131075;5;buy
SYNTHETIC-progression-buy-64;WIN_SIM;1791293381000;131080;5;buy
SYNTHETIC-progression-buy-65;WIN_SIM;1791293381250;131080;5;buy
SYNTHETIC-progression-buy-66;WIN_SIM;1791293381500;131080;5;buy
SYNTHETIC-progression-buy-67;WIN_SIM;1791293381750;131080;5;buy
SYNTHETIC-progression-buy-68;WIN_SIM;1791293382000;131085;5;buy
SYNTHETIC-progression-buy-69;WIN_SIM;1791293382250;131085;5;buy
SYNTHETIC-progression-buy-70;WIN_SIM;1791293382500;131085;5;buy
SYNTHETIC-progression-buy-71;WIN_SIM;1791293382750;131085;5;buy
SYNTHETIC-progression-buy-72;WIN_SIM;1791293383000;131090;5;buy
SYNTHETIC-progression-buy-73;WIN_SIM;1791293383250;131090;5;buy
SYNTHETIC-progression-buy-74;WIN_SIM;1791293383500;131090;5;buy
SYNTHETIC-progression-buy-75;WIN_SIM;1791293383750;131090;5;buy
SYNTHETIC-progression-buy-76;WIN_SIM;1791293384000;131095;5;buy
SYNTHETIC-progression-buy-77;WIN_SIM;1791293384250;131095;5;buy
SYNTHETIC-progression-buy-78;WIN_SIM;1791293384500;131095;5;buy
SYNTHETIC-progression-buy-79;WIN_SIM;1791293384750;131095;5;buy
SYNTHETIC-progression-buy-80;WIN_SIM;1791293385000;131100;5;buy
SYNTHETIC-progression-buy-81;WIN_SIM;1791293385250;131100;5;buy
SYNTHETIC-progression-buy-82;WIN_SIM;1791293385500;131100;5;buy
SYNTHETIC-progression-buy-83;WIN_SIM;1791293385750;131100;5;buy
SYNTHETIC-progression-buy-84;WIN_SIM;1791293386000;131105;5;buy
SYNTHETIC-progression-buy-85;WIN_SIM;1791293386250;131105;5;buy
SYNTHETIC-progression-buy-86;WIN_SIM;1791293386500;131105;5;buy
SYNTHETIC-progression-buy-87;WIN_SIM;1791293386750;131105;5;buy
SYNTHETIC-progression-buy-88;WIN_SIM;1791293387000;131110;5;buy
SYNTHETIC-progression-buy-89;WIN_SIM;1791293387250;131110;5;buy
SYNTHETIC-progression-buy-90;WIN_SIM;1791293387500;131110;5;buy
SYNTHETIC-progression-buy-91;WIN_SIM;1791293387750;131110;5;buy
SYNTHETIC-progression-buy-92;WIN_SIM;1791293388000;131115;5;buy
SYNTHETIC-progression-buy-93;WIN_SIM;1791293388250;131115;5;buy
SYNTHETIC-progression-buy-94;WIN_SIM;1791293388500;131115;5;buy
SYNTHETIC-progression-buy-95;WIN_SIM;1791293388750;131115;5;buy
SYNTHETIC-progression-buy-96;WIN_SIM;1791293389000;131120;5;buy
SYNTHETIC-progression-buy-97;WIN_SIM;1791293389250;131120;5;buy
SYNTHETIC-progression-buy-98;WIN_SIM;1791293389500;131120;5;buy
SYNTHETIC-progression-buy-99;WIN_SIM;1791293389750;131120;5;buy
SYNTHETIC-progression-buy-100;WIN_SIM;1791293390000;131125;5;buy
SYNTHETIC-progression-buy-101;WIN_SIM;1791293390250;131125;5;buy
SYNTHETIC-progression-buy-102;WIN_SIM;1791293390500;131125;5;buy
SYNTHETIC-progression-buy-103;WIN_SIM;1791293390750;131125;5;buy
SYNTHETIC-progression-buy-104;WIN_SIM;1791293391000;131130;5;buy
SYNTHETIC-progression-buy-105;WIN_SIM;1791293391250;131130;5;buy
SYNTHETIC-progression-buy-106;WIN_SIM;1791293391500;131130;5;buy
SYNTHETIC-progression-buy-107;WIN_SIM;1791293391750;131130;5;buy
SYNTHETIC-progression-buy-108;WIN_SIM;1791293392000;131135;5;buy
SYNTHETIC-progression-buy-109;WIN_SIM;1791293392250;131135;5;buy
SYNTHETIC-progression-buy-110;WIN_SIM;1791293392500;131135;5;buy
SYNTHETIC-progression-buy-111;WIN_SIM;1791293392750;131135;5;buy
SYNTHETIC-progression-buy-112;WIN_SIM;1791293393000;131140;5;buy
SYNTHETIC-progression-buy-113;WIN_SIM;1791293393250;131140;5;buy
SYNTHETIC-progression-buy-114;WIN_SIM;1791293393500;131140;5;buy
SYNTHETIC-progression-buy-115;WIN_SIM;1791293393750;131140;5;buy
SYNTHETIC-progression-buy-116;WIN_SIM;1791293394000;131145;5;buy
SYNTHETIC-progression-buy-117;WIN_SIM;1791293394250;131145;5;buy
SYNTHETIC-progression-buy-118;WIN_SIM;1791293394500;131145;5;buy
SYNTHETIC-progression-buy-119;WIN_SIM;1791293394750;131145;5;buy
SYNTHETIC-progression-buy-120;WIN_SIM;1791293395000;131150;5;buy
SYNTHETIC-progression-buy-121;WIN_SIM;1791293395250;131150;5;buy
SYNTHETIC-progression-buy-122;WIN_SIM;1791293395500;131150;5;buy
SYNTHETIC-progression-buy-123;WIN_SIM;1791293395750;131150;5;buy
SYNTHETIC-progression-buy-124;WIN_SIM;1791293396000;131155;5;buy
SYNTHETIC-progression-buy-125;WIN_SIM;1791293396250;131155;5;buy
SYNTHETIC-progression-buy-126;WIN_SIM;1791293396500;131155;5;buy
SYNTHETIC-progression-buy-127;WIN_SIM;1791293396750;131155;5;buy
SYNTHETIC-progression-buy-128;WIN_SIM;1791293397000;131160;5;buy
SYNTHETIC-progression-buy-129;WIN_SIM;1791293397250;131160;5;buy
SYNTHETIC-progression-buy-130;WIN_SIM;1791293397500;131160;5;buy
SYNTHETIC-progression-buy-131;WIN_SIM;1791293397750;131160;5;buy
SYNTHETIC-progression-buy-132;WIN_SIM;1791293398000;131165;5;buy
SYNTHETIC-progression-buy-133;WIN_SIM;1791293398250;131165;5;buy
SYNTHETIC-progression-buy-134;WIN_SIM;1791293398500;131165;5;buy
SYNTHETIC-progression-buy-135;WIN_SIM;1791293398750;131165;5;buy
SYNTHETIC-progression-buy-136;WIN_SIM;1791293399000;131170;5;buy
SYNTHETIC-progression-buy-137;WIN_SIM;1791293399250;131170;5;buy
SYNTHETIC-progression-buy-138;WIN_SIM;1791293399500;131170;5;buy
SYNTHETIC-progression-buy-139;WIN_SIM;1791293399750;131170;5;buy
SYNTHETIC-progression-buy-140;WIN_SIM;1791293400000;131175;5;buy
